Id,Items
1,AntiVirus
1,Game Console
1,Web Publishing
1,Project Mgmt
2,Visual Studio
2,AntiVirus
2,Game Console
2,Web Publishing
3,OS
3,Office Suite
3,Game Console
3,Web Publishing
4,OS
4,Office Suite
4,AntiVirus
4,Game Console
4,Web Publishing
4,Project Mgmt
5,Office Suite
5,Visual Studio
5,AntiVirus
5,Game Console
5,Web Publishing
5,Project Mgmt
6,OS
6,Office Suite
6,Visual Studio
6,Game Console
6,Web Publishing
6,Project Mgmt
7,OS
7,Office Suite
7,AntiVirus
7,Game Console
7,Web Publishing
7,Project Mgmt
8,OS
8,Office Suite
8,Visual Studio
8,Game Console
8,Web Publishing
8,Project Mgmt
9,Visual Studio
9,AntiVirus
9,Game Console
9,Web Publishing
9,Project Mgmt
10,Game Console
10,Web Publishing
11,OS
11,Office Suite
11,AntiVirus
11,Game Console
11,Web Publishing
11,Project Mgmt
12,Office Suite
12,Web Publishing
13,OS
13,Office Suite
13,Visual Studio
13,AntiVirus
13,Game Console
13,Web Publishing
13,Project Mgmt
14,OS
14,Office Suite
14,Visual Studio
14,AntiVirus
14,Game Console
14,Project Mgmt
15,Game Console
16,OS
16,Office Suite
16,AntiVirus
16,Game Console
16,Web Publishing
16,Project Mgmt
17,AntiVirus
17,Web Publishing
18,OS
18,Office Suite
18,Visual Studio
18,AntiVirus
18,Game Console
18,Web Publishing
18,Project Mgmt
19,OS
19,Visual Studio
19,AntiVirus
19,Game Console
19,Project Mgmt
20,Office Suite
20,Visual Studio
20,AntiVirus
20,Game Console
20,Web Publishing
20,Project Mgmt
21,Project Mgmt
22,OS
22,Office Suite
22,Visual Studio
22,AntiVirus
22,Game Console
22,Web Publishing
22,Project Mgmt
23,OS
23,Office Suite
23,Visual Studio
23,AntiVirus
23,Game Console
23,Web Publishing
23,Project Mgmt
24,Office Suite
24,AntiVirus
24,Game Console
24,Web Publishing
25,OS
25,Office Suite
25,Visual Studio
25,AntiVirus
25,Game Console
25,Web Publishing
25,Project Mgmt
26,Office Suite
26,Visual Studio
26,AntiVirus
26,Game Console
26,Web Publishing
27,OS
27,Office Suite
27,AntiVirus
27,Game Console
27,Web Publishing
27,Project Mgmt
28,Office Suite
28,Visual Studio
28,AntiVirus
28,Game Console
28,Web Publishing
28,Project Mgmt
29,Office Suite
29,Visual Studio
29,AntiVirus
29,Game Console
29,Web Publishing
29,Project Mgmt
30,OS
30,Office Suite
30,Visual Studio
30,AntiVirus
30,Game Console
30,Web Publishing
30,Project Mgmt
31,Office Suite
31,Visual Studio
31,AntiVirus
32,Office Suite
32,Visual Studio
32,AntiVirus
32,Game Console
32,Web Publishing
32,Project Mgmt
33,OS
33,Office Suite
33,AntiVirus
33,Game Console
33,Project Mgmt
34,Visual Studio
34,AntiVirus
34,Game Console
34,Web Publishing
35,Office Suite
35,Visual Studio
35,Game Console
35,Web Publishing
35,Project Mgmt
36,OS
36,Project Mgmt
37,OS
37,Office Suite
37,Visual Studio
37,AntiVirus
37,Game Console
37,Web Publishing
37,Project Mgmt
38,OS
38,Office Suite
38,Visual Studio
38,AntiVirus
38,Web Publishing
38,Project Mgmt
39,OS
39,Office Suite
39,Visual Studio
39,AntiVirus
39,Game Console
39,Web Publishing
39,Project Mgmt
40,Office Suite
40,Web Publishing
41,OS
41,Office Suite
41,Visual Studio
41,AntiVirus
41,Game Console
41,Web Publishing
41,Project Mgmt
42,Game Console
42,Project Mgmt
43,OS
43,Office Suite
43,AntiVirus
43,Game Console
43,Web Publishing
44,OS
44,Office Suite
44,AntiVirus
44,Web Publishing
44,Project Mgmt
45,Office Suite
45,Game Console
45,Project Mgmt
46,Office Suite
46,Visual Studio
46,AntiVirus
46,Game Console
46,Web Publishing
46,Project Mgmt
47,Office Suite
47,Visual Studio
47,AntiVirus
47,Game Console
47,Project Mgmt
48,Office Suite
48,Visual Studio
48,AntiVirus
48,Game Console
48,Project Mgmt
49,OS
49,Office Suite
49,Visual Studio
49,AntiVirus
49,Game Console
49,Web Publishing
49,Project Mgmt
50,OS
50,Office Suite
50,Visual Studio
50,AntiVirus
50,Game Console
50,Web Publishing
50,Project Mgmt
51,OS
51,Office Suite
51,AntiVirus
51,Web Publishing
51,Project Mgmt
52,Visual Studio
52,AntiVirus
53,OS
53,Office Suite
53,Visual Studio
53,AntiVirus
53,Game Console
53,Web Publishing
53,Project Mgmt
54,OS
54,Office Suite
54,Visual Studio
54,Project Mgmt
55,OS
55,Office Suite
55,Visual Studio
55,AntiVirus
55,Game Console
55,Web Publishing
55,Project Mgmt
56,OS
56,Office Suite
56,Visual Studio
56,Game Console
56,Web Publishing
56,Project Mgmt
57,OS
57,Office Suite
57,Visual Studio
57,AntiVirus
57,Game Console
57,Web Publishing
57,Project Mgmt
58,OS
58,Office Suite
58,Visual Studio
58,Game Console
58,Web Publishing
58,Project Mgmt
59,AntiVirus
59,Game Console
60,OS
60,Office Suite
60,AntiVirus
60,Web Publishing
60,Project Mgmt
61,OS
61,Office Suite
61,Visual Studio
61,AntiVirus
61,Game Console
61,Web Publishing
61,Project Mgmt
62,Office Suite
62,Project Mgmt
63,OS
63,Office Suite
63,Web Publishing
64,OS
64,Office Suite
64,Visual Studio
64,AntiVirus
64,Web Publishing
64,Project Mgmt
65,Web Publishing
66,Visual Studio
66,AntiVirus
66,Game Console
66,Web Publishing
66,Project Mgmt
67,OS
67,Office Suite
67,AntiVirus
67,Game Console
67,Web Publishing
67,Project Mgmt
68,OS
68,Office Suite
68,Visual Studio
68,AntiVirus
68,Game Console
68,Web Publishing
68,Project Mgmt
69,OS
69,Office Suite
69,Visual Studio
69,AntiVirus
69,Game Console
69,Web Publishing
69,Project Mgmt
70,OS
70,Office Suite
70,Visual Studio
70,AntiVirus
70,Game Console
70,Web Publishing
70,Project Mgmt
71,Office Suite
71,Game Console
72,Office Suite
72,Visual Studio
73,OS
73,Office Suite
73,Visual Studio
73,AntiVirus
73,Game Console
73,Web Publishing
73,Project Mgmt
74,OS
74,Office Suite
74,AntiVirus
74,Game Console
74,Web Publishing
74,Project Mgmt
75,OS
75,Visual Studio
75,AntiVirus
75,Game Console
75,Web Publishing
75,Project Mgmt
76,Game Console
77,Office Suite
77,Visual Studio
77,AntiVirus
77,Game Console
77,Web Publishing
78,Office Suite
78,Game Console
79,Office Suite
79,Visual Studio
79,AntiVirus
79,Game Console
79,Web Publishing
79,Project Mgmt
80,OS
80,Office Suite
80,Visual Studio
80,AntiVirus
80,Game Console
80,Web Publishing
80,Project Mgmt
81,OS
81,Office Suite
81,AntiVirus
81,Game Console
81,Web Publishing
81,Project Mgmt
82,OS
82,Office Suite
82,Visual Studio
82,AntiVirus
82,Game Console
82,Web Publishing
82,Project Mgmt
83,OS
83,Office Suite
83,Visual Studio
83,AntiVirus
83,Game Console
83,Web Publishing
85,OS
85,Office Suite
85,Visual Studio
85,Web Publishing
85,Project Mgmt
86,Office Suite
87,Office Suite
87,Web Publishing
87,Project Mgmt
88,OS
88,Office Suite
88,Visual Studio
88,Game Console
88,Web Publishing
88,Project Mgmt
89,Visual Studio
89,Web Publishing
89,Project Mgmt
90,OS
90,Office Suite
90,Visual Studio
90,AntiVirus
90,Game Console
90,Web Publishing
90,Project Mgmt
91,Web Publishing
91,Project Mgmt
92,Office Suite
92,AntiVirus
93,Office Suite
93,Visual Studio
93,AntiVirus
93,Game Console
93,Web Publishing
93,Project Mgmt
94,Office Suite
94,Game Console
95,Office Suite
95,Project Mgmt
96,OS
96,Office Suite
96,AntiVirus
96,Game Console
96,Web Publishing
96,Project Mgmt
97,OS
97,Office Suite
97,AntiVirus
97,Game Console
97,Web Publishing
98,OS
98,Visual Studio
98,AntiVirus
98,Game Console
98,Web Publishing
98,Project Mgmt
99,Office Suite
99,AntiVirus
99,Game Console
99,Web Publishing
99,Project Mgmt
100,Game Console
101,Office Suite
101,Project Mgmt
102,Game Console
102,Web Publishing
102,Project Mgmt
103,Office Suite
103,Game Console
104,Web Publishing
105,Office Suite
105,Visual Studio
105,Game Console
106,OS
106,Office Suite
106,Game Console
106,Web Publishing
107,OS
107,Office Suite
107,AntiVirus
107,Game Console
107,Web Publishing
107,Project Mgmt
109,AntiVirus
109,Web Publishing
110,OS
110,Office Suite
110,Visual Studio
110,AntiVirus
110,Game Console
110,Web Publishing
110,Project Mgmt
111,Visual Studio
111,AntiVirus
111,Game Console
111,Web Publishing
111,Project Mgmt
112,Office Suite
112,Web Publishing
112,Project Mgmt
113,Web Publishing
113,Project Mgmt
114,OS
114,Office Suite
114,Visual Studio
114,AntiVirus
114,Web Publishing
114,Project Mgmt
115,OS
115,Visual Studio
115,AntiVirus
115,Game Console
115,Web Publishing
115,Project Mgmt
116,Office Suite
116,Visual Studio
116,Game Console
116,Web Publishing
116,Project Mgmt
117,OS
117,Office Suite
117,Visual Studio
117,AntiVirus
117,Game Console
117,Web Publishing
117,Project Mgmt
118,OS
118,AntiVirus
118,Game Console
118,Project Mgmt
119,OS
119,Office Suite
119,Visual Studio
119,AntiVirus
119,Game Console
119,Project Mgmt
120,OS
120,Office Suite
120,Visual Studio
120,AntiVirus
120,Game Console
120,Web Publishing
120,Project Mgmt
121,Office Suite
121,AntiVirus
121,Game Console
122,Office Suite
123,Game Console
123,Web Publishing
123,Project Mgmt
124,OS
124,Office Suite
124,Visual Studio
124,AntiVirus
124,Game Console
124,Web Publishing
124,Project Mgmt
125,Office Suite
125,Game Console
126,Visual Studio
126,Web Publishing
126,Project Mgmt
127,OS
127,Office Suite
127,Visual Studio
127,AntiVirus
127,Game Console
127,Web Publishing
127,Project Mgmt
128,OS
128,Office Suite
128,Visual Studio
128,AntiVirus
128,Game Console
128,Web Publishing
129,OS
129,Office Suite
129,AntiVirus
129,Game Console
129,Web Publishing
129,Project Mgmt
130,Office Suite
130,Visual Studio
130,AntiVirus
130,Game Console
130,Web Publishing
130,Project Mgmt
131,Office Suite
131,AntiVirus
131,Game Console
131,Web Publishing
132,Office Suite
132,Visual Studio
132,AntiVirus
132,Game Console
132,Project Mgmt
133,Visual Studio
133,AntiVirus
133,Game Console
133,Web Publishing
133,Project Mgmt
134,Office Suite
134,Visual Studio
134,AntiVirus
134,Game Console
134,Web Publishing
134,Project Mgmt
135,OS
135,Office Suite
135,AntiVirus
135,Game Console
136,Office Suite
136,Visual Studio
136,Game Console
136,Web Publishing
136,Project Mgmt
137,Office Suite
137,Web Publishing
137,Project Mgmt
138,OS
139,OS
139,Office Suite
139,Game Console
139,Web Publishing
139,Project Mgmt
140,OS
140,Web Publishing
140,Project Mgmt
141,OS
141,Office Suite
141,Visual Studio
141,AntiVirus
141,Game Console
141,Web Publishing
141,Project Mgmt
142,Visual Studio
142,AntiVirus
142,Game Console
142,Web Publishing
143,OS
143,AntiVirus
143,Web Publishing
144,OS
144,Office Suite
144,AntiVirus
144,Game Console
144,Web Publishing
145,OS
145,Office Suite
146,OS
146,Office Suite
146,Visual Studio
146,AntiVirus
146,Game Console
146,Web Publishing
146,Project Mgmt
147,Web Publishing
147,Project Mgmt
148,Visual Studio
148,Game Console
148,Web Publishing
148,Project Mgmt
149,OS
149,Office Suite
149,Visual Studio
149,AntiVirus
149,Game Console
149,Web Publishing
149,Project Mgmt
150,Visual Studio
150,AntiVirus
150,Web Publishing
151,OS
151,Office Suite
151,Visual Studio
151,AntiVirus
151,Game Console
151,Web Publishing
151,Project Mgmt
152,Office Suite
152,Game Console
153,Office Suite
153,Visual Studio
153,AntiVirus
153,Game Console
153,Web Publishing
153,Project Mgmt
154,Project Mgmt
155,Office Suite
155,AntiVirus
155,Game Console
155,Web Publishing
156,OS
156,Office Suite
156,Visual Studio
156,AntiVirus
156,Game Console
156,Web Publishing
156,Project Mgmt
157,OS
157,Office Suite
157,Visual Studio
157,AntiVirus
157,Web Publishing
157,Project Mgmt
158,OS
158,Office Suite
158,Visual Studio
158,AntiVirus
158,Game Console
158,Web Publishing
158,Project Mgmt
159,OS
159,Office Suite
159,AntiVirus
159,Game Console
159,Web Publishing
159,Project Mgmt
160,OS
160,Office Suite
160,Visual Studio
160,AntiVirus
160,Game Console
160,Web Publishing
160,Project Mgmt
161,Office Suite
161,Visual Studio
161,AntiVirus
161,Game Console
161,Web Publishing
161,Project Mgmt
162,OS
162,Office Suite
162,Visual Studio
162,AntiVirus
162,Game Console
162,Web Publishing
162,Project Mgmt
163,OS
163,Office Suite
163,Visual Studio
163,AntiVirus
163,Game Console
163,Web Publishing
163,Project Mgmt
164,Office Suite
164,Game Console
164,Project Mgmt
165,AntiVirus
165,Game Console
166,Visual Studio
166,Game Console
166,Web Publishing
166,Project Mgmt
167,OS
167,AntiVirus
167,Game Console
167,Web Publishing
167,Project Mgmt
168,AntiVirus
169,OS
169,Office Suite
169,Visual Studio
169,AntiVirus
169,Game Console
169,Web Publishing
169,Project Mgmt
170,Office Suite
170,Project Mgmt
171,OS
171,Office Suite
171,Visual Studio
171,AntiVirus
171,Game Console
171,Web Publishing
171,Project Mgmt
172,OS
172,AntiVirus
172,Game Console
173,Game Console
174,Game Console
175,OS
175,Office Suite
175,Visual Studio
175,AntiVirus
175,Web Publishing
175,Project Mgmt
176,OS
176,Office Suite
176,Visual Studio
176,AntiVirus
176,Game Console
176,Web Publishing
176,Project Mgmt
177,Office Suite
177,AntiVirus
177,Web Publishing
177,Project Mgmt
178,Visual Studio
178,Web Publishing
179,Office Suite
179,Visual Studio
179,AntiVirus
179,Game Console
179,Web Publishing
179,Project Mgmt
180,OS
180,Office Suite
180,Visual Studio
180,AntiVirus
180,Game Console
180,Web Publishing
180,Project Mgmt
181,OS
181,Office Suite
181,Visual Studio
181,AntiVirus
181,Game Console
181,Web Publishing
181,Project Mgmt
182,OS
182,Office Suite
182,Visual Studio
182,AntiVirus
182,Game Console
182,Project Mgmt
183,OS
183,Office Suite
183,AntiVirus
183,Game Console
183,Web Publishing
183,Project Mgmt
184,OS
184,Office Suite
184,AntiVirus
184,Game Console
184,Web Publishing
184,Project Mgmt
185,OS
185,Office Suite
185,Visual Studio
185,AntiVirus
185,Game Console
185,Web Publishing
185,Project Mgmt
186,OS
186,Office Suite
186,Visual Studio
186,AntiVirus
186,Game Console
186,Web Publishing
186,Project Mgmt
187,OS
187,AntiVirus
187,Web Publishing
188,AntiVirus
189,OS
189,Office Suite
189,AntiVirus
189,Game Console
189,Project Mgmt
190,OS
190,Office Suite
190,Visual Studio
190,AntiVirus
190,Game Console
190,Web Publishing
190,Project Mgmt
191,OS
191,AntiVirus
191,Game Console
191,Web Publishing
191,Project Mgmt
192,OS
192,Office Suite
192,Visual Studio
192,AntiVirus
192,Game Console
192,Web Publishing
192,Project Mgmt
193,OS
193,Office Suite
193,Visual Studio
193,AntiVirus
193,Game Console
193,Project Mgmt
194,AntiVirus
195,Office Suite
195,Web Publishing
196,OS
196,Office Suite
196,Visual Studio
196,AntiVirus
196,Game Console
196,Web Publishing
197,OS
197,Office Suite
197,Visual Studio
197,Game Console
197,Web Publishing
197,Project Mgmt
198,OS
198,AntiVirus
198,Project Mgmt
199,Office Suite
199,Web Publishing
200,OS
200,Office Suite
200,Visual Studio
200,AntiVirus
200,Game Console
200,Web Publishing
200,Project Mgmt